id,name,category,price,image
1,Montre Élégante,Jouets,291.46,https://www.shutterstock.com/image-illustration/bottle-gel-lotion-beauty-product-260nw-1348122737.jpg
2,Caméra de Sécurité,Auto,427.46,https://www.shutterstock.com/image-illustration/bottle-gel-lotion-beauty-product-260nw-1348122737.jpg
3,Sac à Dos,Électronique,278.85,https://www.shutterstock.com/image-illustration/bottle-gel-lotion-beauty-product-260nw-1348122737.jpg
4,Échelle Télescopique,Maison,321.55,https://www.shutterstock.com/image-illustration/bottle-gel-lotion-beauty-product-260nw-1348122737.jpg
5,Perceuse Sans Fil,Bricolage,445.75,https://www.shutterstock.com/image-illustration/bottle-gel-lotion-beauty-product-260nw-1348122737.jpg
6,Four à Micro-Ondes,Mode,231.43,https://www.shutterstock.com/image-illustration/bottle-gel-lotion-beauty-product-260nw-1348122737.jpg
7,Chargeur Voiture,Jouets,465.14,https://www.shutterstock.com/image-illustration/bottle-gel-lotion-beauty-product-260nw-1348122737.jpg
8,Clavier Mécanique,Sport,263.29,https://www.shutterstock.com/image-illustration/bottle-gel-lotion-beauty-product-260nw-1348122737.jpg
9,Veste en Cuir,Mode,490.52,https://www.shutterstock.com/image-illustration/bottle-gel-lotion-beauty-product-260nw-1348122737.jpg
10,Machine à Laver,Auto,87.54,https://www.shutterstock.com/image-illustration/bottle-gel-lotion-beauty-product-260nw-1348122737.jpg
11,Chaussures de Running,Beauté,7.33,https://www.shutterstock.com/image-illustration/bottle-gel-lotion-beauty-product-260nw-1348122737.jpg
12,Raquette de Tennis,Auto,490.72,https://www.shutterstock.com/image-illustration/bottle-gel-lotion-beauty-product-260nw-1348122737.jpg
13,Lampe LED,Livres,307.84,https://www.shutterstock.com/image-illustration/bottle-gel-lotion-beauty-product-260nw-1348122737.jpg
14,Marteau Multifonction,Livres,297.8,https://www.shutterstock.com/image-illustration/bottle-gel-lotion-beauty-product-260nw-1348122737.jpg
15,Shampoing Bio,Bricolage,26.41,https://www.shutterstock.com/image-illustration/bottle-gel-lotion-beauty-product-260nw-1348122737.jpg
16,Gel Douche,Beauté,65.75,https://www.shutterstock.com/image-illustration/bottle-gel-lotion-beauty-product-260nw-1348122737.jpg
17,Robot de Cuisine,Électronique,279.33,https://www.shutterstock.com/image-illustration/bottle-gel-lotion-beauty-product-260nw-1348122737.jpg
18,Smartphone,Bricolage,425.25,https://www.shutterstock.com/image-illustration/bottle-gel-lotion-beauty-product-260nw-1348122737.jpg
19,Livre de Cuisine,Jouets,427.37,https://www.shutterstock.com/image-illustration/bottle-gel-lotion-beauty-product-260nw-1348122737.jpg
20,Machine à Laver,Livres,315.13,https://www.shutterstock.com/image-illustration/bottle-gel-lotion-beauty-product-260nw-1348122737.jpg
21,Perceuse Sans Fil,Sport,281.86,https://www.shutterstock.com/image-illustration/bottle-gel-lotion-beauty-product-260nw-1348122737.jpg
22,Poupée Interactif,Bricolage,278.5,https://www.shutterstock.com/image-illustration/bottle-gel-lotion-beauty-product-260nw-1348122737.jpg
23,Ballon de Football,Maison,143.24,https://www.shutterstock.com/image-illustration/bottle-gel-lotion-beauty-product-260nw-1348122737.jpg
24,Machine à Laver,Sport,25.54,https://www.shutterstock.com/image-illustration/bottle-gel-lotion-beauty-product-260nw-1348122737.jpg
25,Parfum Voiture,Livres,253.17,https://www.shutterstock.com/image-illustration/bottle-gel-lotion-beauty-product-260nw-1348122737.jpg
26,Tapis de Yoga,Beauté,110.97,https://www.shutterstock.com/image-illustration/bottle-gel-lotion-beauty-product-260nw-1348122737.jpg
27,Casque Audio,Maison,158.07,https://www.shutterstock.com/image-illustration/bottle-gel-lotion-beauty-product-260nw-1348122737.jpg
28,Échelle Télescopique,Beauté,41.4,https://www.shutterstock.com/image-illustration/bottle-gel-lotion-beauty-product-260nw-1348122737.jpg
29,Lampe de Travail,Beauté,380.89,https://www.shutterstock.com/image-illustration/bottle-gel-lotion-beauty-product-260nw-1348122737.jpg
30,Shampoing Bio,Électronique,232.04,https://www.shutterstock.com/image-illustration/bottle-gel-lotion-beauty-product-260nw-1348122737.jpg
31,Poupée Interactif,Électronique,463.69,https://www.shutterstock.com/image-illustration/bottle-gel-lotion-beauty-product-260nw-1348122737.jpg
32,Montre Connectée,Jouets,256.09,https://www.shutterstock.com/image-illustration/bottle-gel-lotion-beauty-product-260nw-1348122737.jpg
33,Parfum Voiture,Auto,149.92,https://www.shutterstock.com/image-illustration/bottle-gel-lotion-beauty-product-260nw-1348122737.jpg
34,Livre de Cuisine,Jouets,300.24,https://www.shutterstock.com/image-illustration/bottle-gel-lotion-beauty-product-260nw-1348122737.jpg
35,Roman Fantastique,Livres,350.18,https://www.shutterstock.com/image-illustration/bottle-gel-lotion-beauty-product-260nw-1348122737.jpg
36,Roman Fantastique,Bricolage,80.92,https://www.shutterstock.com/image-illustration/bottle-gel-lotion-beauty-product-260nw-1348122737.jpg
37,Jeu de Société,Bricolage,378.38,https://www.shutterstock.com/image-illustration/bottle-gel-lotion-beauty-product-260nw-1348122737.jpg
38,Clavier Mécanique,Livres,222.0,https://www.shutterstock.com/image-illustration/bottle-gel-lotion-beauty-product-260nw-1348122737.jpg
39,Tournevis Électrique,Maison,438.75,https://www.shutterstock.com/image-illustration/bottle-gel-lotion-beauty-product-260nw-1348122737.jpg
40,Chargeur Voiture,Mode,446.83,https://www.shutterstock.com/image-illustration/bottle-gel-lotion-beauty-product-260nw-1348122737.jpg
41,Tournevis Électrique,Cuisine,433.18,https://www.shutterstock.com/image-illustration/bottle-gel-lotion-beauty-product-260nw-1348122737.jpg
42,Marteau Multifonction,Livres,274.37,https://www.shutterstock.com/image-illustration/bottle-gel-lotion-beauty-product-260nw-1348122737.jpg
43,Robot de Cuisine,Maison,236.91,https://www.shutterstock.com/image-illustration/bottle-gel-lotion-beauty-product-260nw-1348122737.jpg
44,Montre Élégante,Beauté,157.48,https://www.shutterstock.com/image-illustration/bottle-gel-lotion-beauty-product-260nw-1348122737.jpg
45,T-shirt Coton,Bricolage,53.89,https://www.shutterstock.com/image-illustration/bottle-gel-lotion-beauty-product-260nw-1348122737.jpg
46,T-shirt Coton,Bricolage,376.98,https://www.shutterstock.com/image-illustration/bottle-gel-lotion-beauty-product-260nw-1348122737.jpg
47,Clavier Mécanique,Bricolage,160.79,https://www.shutterstock.com/image-illustration/bottle-gel-lotion-beauty-product-260nw-1348122737.jpg
48,Lampe de Travail,Auto,222.81,https://www.shutterstock.com/image-illustration/bottle-gel-lotion-beauty-product-260nw-1348122737.jpg
49,Shampoing Bio,Beauté,70.73,https://www.shutterstock.com/image-illustration/bottle-gel-lotion-beauty-product-260nw-1348122737.jpg
50,Haltères,Sport,29.45,https://www.shutterstock.com/image-illustration/bottle-gel-lotion-beauty-product-260nw-1348122737.jpg
51,Perceuse Sans Fil,Électronique,10.45,https://www.shutterstock.com/image-illustration/bottle-gel-lotion-beauty-product-260nw-1348122737.jpg
52,Four à Micro-Ondes,Beauté,16.31,https://www.shutterstock.com/image-illustration/bottle-gel-lotion-beauty-product-260nw-1348122737.jpg
53,Perceuse Sans Fil,Électronique,151.1,https://www.shutterstock.com/image-illustration/bottle-gel-lotion-beauty-product-260nw-1348122737.jpg
54,Perceuse Sans Fil,Auto,295.84,https://www.shutterstock.com/image-illustration/bottle-gel-lotion-beauty-product-260nw-1348122737.jpg
55,Peluche Licorne,Électronique,424.72,https://www.shutterstock.com/image-illustration/bottle-gel-lotion-beauty-product-260nw-1348122737.jpg
56,Encyclopédie,Jouets,474.5,https://www.shutterstock.com/image-illustration/bottle-gel-lotion-beauty-product-260nw-1348122737.jpg
57,Robot de Cuisine,Cuisine,400.43,https://www.shutterstock.com/image-illustration/bottle-gel-lotion-beauty-product-260nw-1348122737.jpg
58,Souris Gamer,Bricolage,240.46,https://www.shutterstock.com/image-illustration/bottle-gel-lotion-beauty-product-260nw-1348122737.jpg
59,Ordinateur Portable,Auto,9.97,https://www.shutterstock.com/image-illustration/bottle-gel-lotion-beauty-product-260nw-1348122737.jpg
60,Manga Populaire,Bricolage,289.05,https://www.shutterstock.com/image-illustration/bottle-gel-lotion-beauty-product-260nw-1348122737.jpg
61,Housse de Siège,Jouets,312.91,https://www.shutterstock.com/image-illustration/bottle-gel-lotion-beauty-product-260nw-1348122737.jpg
62,Machine à Laver,Électronique,251.13,https://www.shutterstock.com/image-illustration/bottle-gel-lotion-beauty-product-260nw-1348122737.jpg
63,Tapis de Yoga,Maison,244.3,https://www.shutterstock.com/image-illustration/bottle-gel-lotion-beauty-product-260nw-1348122737.jpg
64,Housse de Siège,Livres,146.58,https://www.shutterstock.com/image-illustration/bottle-gel-lotion-beauty-product-260nw-1348122737.jpg
65,Haltères,Électronique,325.58,https://www.shutterstock.com/image-illustration/bottle-gel-lotion-beauty-product-260nw-1348122737.jpg
66,Veste en Cuir,Livres,359.8,https://www.shutterstock.com/image-illustration/bottle-gel-lotion-beauty-product-260nw-1348122737.jpg
67,Shampoing Bio,Bricolage,47.51,https://www.shutterstock.com/image-illustration/bottle-gel-lotion-beauty-product-260nw-1348122737.jpg
68,Poêle Antiadhésive,Auto,389.02,https://www.shutterstock.com/image-illustration/bottle-gel-lotion-beauty-product-260nw-1348122737.jpg
69,Rouge à Lèvres,Bricolage,372.43,https://www.shutterstock.com/image-illustration/bottle-gel-lotion-beauty-product-260nw-1348122737.jpg
70,Veste en Cuir,Maison,339.19,https://www.shutterstock.com/image-illustration/bottle-gel-lotion-beauty-product-260nw-1348122737.jpg
71,Peluche Licorne,Mode,285.54,https://www.shutterstock.com/image-illustration/bottle-gel-lotion-beauty-product-260nw-1348122737.jpg
72,Smartphone,Bricolage,196.31,https://www.shutterstock.com/image-illustration/bottle-gel-lotion-beauty-product-260nw-1348122737.jpg
73,Souris Gamer,Jouets,231.88,https://www.shutterstock.com/image-illustration/bottle-gel-lotion-beauty-product-260nw-1348122737.jpg
74,Chargeur Voiture,Beauté,420.57,https://www.shutterstock.com/image-illustration/bottle-gel-lotion-beauty-product-260nw-1348122737.jpg
75,Parfum,Électronique,132.98,https://www.shutterstock.com/image-illustration/bottle-gel-lotion-beauty-product-260nw-1348122737.jpg
76,Lotion Visage,Auto,324.35,https://www.shutterstock.com/image-illustration/bottle-gel-lotion-beauty-product-260nw-1348122737.jpg
77,Roman Fantastique,Mode,490.04,https://www.shutterstock.com/image-illustration/bottle-gel-lotion-beauty-product-260nw-1348122737.jpg
78,Biographie Inspirante,Jouets,121.69,https://www.shutterstock.com/image-illustration/bottle-gel-lotion-beauty-product-260nw-1348122737.jpg
79,Chaussures en Daim,Mode,124.99,https://www.shutterstock.com/image-illustration/bottle-gel-lotion-beauty-product-260nw-1348122737.jpg
80,Lego Architecture,Auto,488.1,https://www.shutterstock.com/image-illustration/bottle-gel-lotion-beauty-product-260nw-1348122737.jpg
81,Machine à Laver,Jouets,255.32,https://www.shutterstock.com/image-illustration/bottle-gel-lotion-beauty-product-260nw-1348122737.jpg
82,Peluche Licorne,Maison,236.63,https://www.shutterstock.com/image-illustration/bottle-gel-lotion-beauty-product-260nw-1348122737.jpg
83,Grille-Pain,Livres,476.72,https://www.shutterstock.com/image-illustration/bottle-gel-lotion-beauty-product-260nw-1348122737.jpg
84,Caméra de Sécurité,Beauté,79.05,https://www.shutterstock.com/image-illustration/bottle-gel-lotion-beauty-product-260nw-1348122737.jpg
85,Raquette de Tennis,Cuisine,41.11,https://www.shutterstock.com/image-illustration/bottle-gel-lotion-beauty-product-260nw-1348122737.jpg
86,Mixeur Plongeant,Beauté,391.72,https://www.shutterstock.com/image-illustration/bottle-gel-lotion-beauty-product-260nw-1348122737.jpg
87,Peinture Murale,Livres,246.47,https://www.shutterstock.com/image-illustration/bottle-gel-lotion-beauty-product-260nw-1348122737.jpg
88,Clavier Mécanique,Cuisine,83.8,https://www.shutterstock.com/image-illustration/bottle-gel-lotion-beauty-product-260nw-1348122737.jpg
89,Roman Fantastique,Auto,310.39,https://www.shutterstock.com/image-illustration/bottle-gel-lotion-beauty-product-260nw-1348122737.jpg
90,Roman Fantastique,Mode,193.89,https://www.shutterstock.com/image-illustration/bottle-gel-lotion-beauty-product-260nw-1348122737.jpg
91,Poêle Antiadhésive,Auto,109.84,https://www.shutterstock.com/image-illustration/bottle-gel-lotion-beauty-product-260nw-1348122737.jpg
92,Voiture Télécommandée,Mode,254.35,https://www.shutterstock.com/image-illustration/bottle-gel-lotion-beauty-product-260nw-1348122737.jpg
93,Puzzle 1000 Pièces,Auto,60.02,https://www.shutterstock.com/image-illustration/bottle-gel-lotion-beauty-product-260nw-1348122737.jpg
94,Tournevis Électrique,Sport,345.76,https://www.shutterstock.com/image-illustration/bottle-gel-lotion-beauty-product-260nw-1348122737.jpg
95,Robot de Cuisine,Maison,94.11,https://www.shutterstock.com/image-illustration/bottle-gel-lotion-beauty-product-260nw-1348122737.jpg
96,Grille-Pain,Électronique,441.57,https://www.shutterstock.com/image-illustration/bottle-gel-lotion-beauty-product-260nw-1348122737.jpg
97,Poêle Antiadhésive,Bricolage,202.03,https://www.shutterstock.com/image-illustration/bottle-gel-lotion-beauty-product-260nw-1348122737.jpg
98,Robot de Cuisine,Cuisine,179.86,https://www.shutterstock.com/image-illustration/bottle-gel-lotion-beauty-product-260nw-1348122737.jpg
99,Poupée Interactif,Jouets,318.13,https://www.shutterstock.com/image-illustration/bottle-gel-lotion-beauty-product-260nw-1348122737.jpg
100,Ordinateur Portable,Bricolage,108.92,https://www.shutterstock.com/image-illustration/bottle-gel-lotion-beauty-product-260nw-1348122737.jpg
